from,to,time,amount,type,notes
"Po8","dantao","2012-11-25 18:45:50","0.585000","SELL","Altimeter"
"Po8","detonatorman","2012-11-25 18:54:17","1.040000","SELL","Butlerlog"
"Octavian0","Po8","2012-11-25 18:55:31","4.560000","BUY","Butlerlog"
"Po8","Octavian0","2012-11-25 19:05:05","2.280000","SELL","Altimeter"
"Po8","Basicthoughts","2012-11-25 19:05:13","1.070000","SELL","Altimeter"
"PickleMan","Po8","2012-11-25 19:05:14","107.760000","BUY","Butlerlog"
"Po8","PeebleTheory","2012-11-25 19:05:25","2.880000","SELL","Altimeter"
"Po8","riegel2rebuild","2012-11-25 19:08:49","58.680000","SELL","Altimeter"
"Po8","Pachirisu","2012-11-25 19:12:47","1537.650000","SELL","Altimeter"
"Po8","escherial","2012-11-25 19:12:50","190.080000","SELL","Butlerlog"
"Po8","escherial","2012-11-25 19:13:33","51.920000","SELL","Altimeter"
"Po8","Pachirisu","2012-11-25 19:15:24","15048.315000","SELL","Butlerlog"
"Po8","escherial","2012-11-25 19:15:51","126.720000","SELL","Butlerlog"
"Po8","escherial","2012-11-25 19:19:18","190.080000","SELL","Octavian0"
"Po8","escherial","2012-11-25 19:19:28","190.080000","SELL","Octavian0"
"Po8","escherial","2012-11-25 19:21:09","189.860000","SELL","Octavian0"
"PickleMan","woj75","2012-11-25 19:27:05","0.000000","P2P_TRANSFER","--"
"Po8","riegel2rebuild","2012-11-25 19:27:18","0.030000","SELL","Butlerlog"
"Po8","dotlizard","2012-11-25 19:27:27","6.570000","SELL","Butlerlog"
"Po8","Octavian0","2012-11-25 19:27:29","290.880000","SELL","Octavian0"
"Po8","riegel2rebuild","2012-11-25 19:29:33","426.610000","SELL","Butlerlog"
"Po8","dotlizard","2012-11-25 19:29:44","787.200000","SELL","Butlerlog"
"Po8","Pachirisu","2012-11-25 19:41:58","2046.720000","SELL","Butlerlog"
"Po8","dotlizard","2012-11-25 19:50:33","25.920000","SELL","Octavian0"
"Po8","dotlizard","2012-11-25 19:53:07","924.160000","SELL","Butlerlog"
"Po8","FuzzyWuzzie","2012-11-25 20:08:12","0.210000","SELL","Butlerlog"
"Po8","FuzzyWuzzie","2012-11-25 20:08:15","0.780000","SELL","Octavian0"
"Po8","riegel2rebuild","2012-11-25 20:12:54","582.130000","SELL","Megleris"
"PickleMan","Po8","2012-11-25 20:13:01","192.640000","BUY","Megleris"
"Po8","riegel2rebuild","2012-11-25 20:35:19","1508.095000","SELL","Butlerlog"
"Po8","riegel2rebuild","2012-11-25 20:35:26","2891.880000","SELL","Butlerlog"
"Po8","riegel2rebuild","2012-11-25 20:38:06","377.960000","SELL","Butlerlog"
"Po8","dotlizard","2012-11-25 20:57:46","46.420000","SELL","Butlerlog"
"Po8","dotlizard","2012-11-25 21:01:36","480.000000","SELL","Butlerlog"
"Po8","dotlizard","2012-11-25 21:20:57","1908.650000","SELL","Butlerlog"
"Po8","rawdog66","2012-11-25 21:47:20","3.205000","SELL","Butlerlog"
"Po8","thurdog","2012-11-25 21:47:33","2179.615000","SELL","Butlerlog"
"Po8","DrunkenJawas","2012-11-25 21:54:09","20.190000","SELL","Butlerlog"
"FuzzyWuzzie","Po8","2012-11-25 21:58:31","117.760000","BUY","Butlerlog"
"PickleMan","Po8","2012-11-25 21:59:29","7.040000","BUY","Butlerlog"
"Po8","KODY24","2012-11-25 22:08:32","1676.150000","SELL","Butlerlog"
"Po8","KODY24","2012-11-25 22:08:50","179.840000","SELL","Butlerlog"
"Po8","PeebleTheory","2012-11-25 22:09:45","1193.900000","SELL","Butlerlog"
"PeebleTheory","Po8","2012-11-25 22:10:31","8.320000","BUY","Butlerlog"
"KODY24","Po8","2012-11-25 22:15:02","83.880000","BUY","Butlerlog"
"KODY24","Po8","2012-11-25 22:15:21","168.840000","BUY","Butlerlog"
"KODY24","Evil_K9","2012-11-25 22:19:23","1200.000000","P2P_TRANSFER","--"
"Po8","Pachirisu","2012-11-25 22:20:35","48.510000","SELL","Butlerlog"
"PickleMan","Po8","2012-11-25 22:28:41","112.320000","BUY","Butlerlog"
"PickleMan","Po8","2012-11-25 22:28:46","0.060000","BUY","Butlerlog"
"PickleMan","Po8","2012-11-25 22:29:42","16.640000","BUY","Butlerlog"
"Po8","thurdog","2012-11-25 23:15:02","535.680000","SELL","atlasrune"
"PickleMan","Po8","2012-11-25 23:15:09","207.360000","BUY","atlasrune"
"PickleMan","Po8","2012-11-25 23:15:12","14.080000","BUY","atlasrune"
"KODY24","Po8","2012-11-25 23:15:16","300.000000","BUY","atlasrune"
"PeebleTheory","Po8","2012-11-25 23:15:21","304.640000","BUY","atlasrune"
"PickleMan","Po8","2012-11-25 23:20:47","203.520000","BUY","dotlizard"
"Po8","PickleMan","2012-11-25 23:22:17","101.760000","SELL","atlasrune"
"PickleMan","Po8","2012-11-25 23:27:29","207.360000","BUY","dotlizard"
"Po8","atlasrune","2012-11-25 23:28:30","5.760000","SELL","atlasrune"
"Po8","PickleMan","2012-11-25 23:28:45","103.680000","SELL","atlasrune"
"Po8","Pachirisu","2012-11-25 23:30:00","22.755000","SELL","atlasrune"
"Po8","dotlizard","2012-11-25 23:49:59","95.040000","SELL","atlasrune"
"Po8","dotlizard","2012-11-25 23:50:07","28.160000","SELL","atlasrune"
"Po8","atlasrune","2012-11-25 23:55:06","165.010000","SELL","atlasrune"
"Po8","atlasrune","2012-11-25 23:59:23","391.680000","SELL","atlasrune"
"PickleMan","Po8","2012-11-26 00:23:36","1067.520000","BUY","atlasrune"
"thurdog","PickleMan","2012-11-26 00:26:50","64.000000","P2P_TRANSFER","--"
"Po8","PickleMan","2012-11-26 00:29:27","255.800000","SELL","atlasrune"
"Po8","veechee","2012-11-26 00:33:16","488.320000","SELL","Megleris"
"veechee","PickleMan","2012-11-26 00:37:18","100.000000","P2P_TRANSFER","--"
"Po8","Ekardsille","2012-11-26 00:43:48","628.720000","SELL","Megleris"
"Po8","veechee","2012-11-26 00:51:20","41.075000","SELL","Megleris"
"veechee","Po8","2012-11-26 01:39:19","17.400000","BUY","atlasrune"
"Po8","veechee","2012-11-26 04:27:35","35.200000","SELL","dotlizard"
"Po8","veechee","2012-11-26 04:28:01","31.680000","SELL","dotlizard"
"Po8","rabi","2012-11-26 04:28:33","3775.950000","SELL","dotlizard"
"Po8","Ekardsille","2012-11-26 04:28:53","95.040000","SELL","dotlizard"
"Po8","veechee","2012-11-26 04:29:07","26.640000","SELL","dotlizard"
"Po8","Ekardsille","2012-11-26 04:29:18","587.325000","SELL","dotlizard"
"Po8","veechee","2012-11-26 04:29:30","672.320000","SELL","dotlizard"
"Po8","veechee","2012-11-26 04:30:16","8.340000","SELL","dotlizard"
"Po8","veechee","2012-11-26 04:30:30","177.525000","SELL","dotlizard"
"Po8","rabi","2012-11-26 04:30:44","565.920000","SELL","dotlizard"
"veechee","Po8","2012-11-26 04:31:01","28.000000","BUY","dotlizard"
"Po8","rabi","2012-11-26 07:14:11","844.480000","SELL","dotlizard"
"Po8","rabi","2012-11-26 11:18:18","1443.960000","SELL","atlasrune"
"Po8","atlasrune","2012-11-26 11:19:13","31.620000","SELL","atlasrune"
"Po8","rabi","2012-11-26 12:26:16","1031.740000","SELL","Butlerlog"
"Megleris","daesoph","2012-11-26 12:38:19","2060.000000","P2P_TRANSFER","--"
"dotlizard","Po8","2012-11-26 14:18:08","262.400000","BUY","Megleris"
"riegel2rebuild","veechee","2012-11-26 15:18:59","310.000000","P2P_TRANSFER","--"
"PickleMan","Po8","2012-11-26 16:16:30","474.880000","BUY","PatHeist"
"Ekardsille","Po8","2012-11-26 16:16:44","0.380000","BUY","PatHeist"
"Po8","veechee","2012-11-26 17:25:24","307.630000","SELL","Pyrotek"
"Ekardsille","Po8","2012-11-26 17:25:57","3.800000","BUY","Pyrotek"
"Ekardsille","Po8","2012-11-26 17:28:12","1.250000","BUY","Pyrotek"
"Po8","detonatorman","2012-11-26 17:29:15","22.835000","SELL","Pyrotek"
"Po8","Casper3641","2012-11-26 17:29:30","0.450000","SELL","Pyrotek"
"Ekardsille","Po8","2012-11-26 17:29:37","3.150000","BUY","Pyrotek"
"Po8","GreatRevival","2012-11-26 17:29:44","6431.535000","SELL","Pyrotek"
"Po8","GreatRevival","2012-11-26 17:29:57","131.715000","SELL","Pyrotek"
"Po8","GreatRevival","2012-11-26 17:30:04","275.090000","SELL","Pyrotek"
"Po8","PickleMan","2012-11-26 17:31:41","0.220000","SELL","Pyrotek"
"Po8","GreatRevival","2012-11-26 17:32:33","179.860000","SELL","Pyrotek"
"Ekardsille","Po8","2012-11-26 17:40:53","3.800000","BUY","Pyrotek"
"Po8","GreatRevival","2012-11-26 17:41:01","1178.400000","SELL","Pyrotek"
"Ekardsille","Po8","2012-11-26 17:46:42","3.350000","BUY","Pyrotek"
"PickleMan","Po8","2012-11-26 17:46:47","3.080000","BUY","Pyrotek"
"Po8","PickleMan","2012-11-26 17:47:28","158.010000","SELL","Pyrotek"
"PickleMan","Po8","2012-11-26 18:14:39","2301.750000","BUY","dotlizard"
"GreatRevival","Po8","2012-11-26 18:42:06","1563.000000","BUY","Altimeter"
"Ekardsille","Po8","2012-11-26 18:42:12","1.900000","BUY","Altimeter"
"PickleMan","Po8","2012-11-26 18:48:16","227.840000","BUY","Altimeter"
"Po8","PickleMan","2012-11-26 18:48:54","111.900000","SELL","Pyrotek"
"Ekardsille","Po8","2012-11-26 18:50:31","471.280000","BUY","Altimeter"
"PickleMan","Po8","2012-11-26 18:50:35","179.840000","BUY","Altimeter"
"Po8","Altimeter","2012-11-26 18:51:22","174.655000","SELL","Altimeter"
"PickleMan","Ulcano","2012-11-26 18:52:39","116.000000","P2P_TRANSFER","--"
"GreatRevival","Po8","2012-11-26 19:18:07","717.000000","BUY","dotlizard"
"Ekardsille","Po8","2012-11-26 19:18:25","6.600000","BUY","dotlizard"
"veechee","PickleMan","2012-11-26 19:24:53","1060.800000","P2P_TRANSFER","--"
"Ekardsille","Po8","2012-11-26 19:25:17","3.630000","BUY","Pyrotek"
"Po8","nick8041","2012-11-26 19:25:28","0.385000","SELL","Pyrotek"
"Po8","nick8041","2012-11-26 19:39:31","1.165000","SELL","Megleris"
"Po8","nick8041","2012-11-26 19:39:52","3.975000","SELL","Megleris"
"Po8","nick8041","2012-11-26 19:39:58","24.645000","SELL","Megleris"
"Po8","nick8041","2012-11-26 19:40:08","22.260000","SELL","Megleris"
"Po8","nick8041","2012-11-26 19:40:11","1.125000","SELL","Megleris"
"Po8","nick8041","2012-11-26 19:41:14","69.900000","SELL","Megleris"
"Po8","nick8041","2012-11-26 19:41:18","2.730000","SELL","Megleris"
"Megleris","ZirixZero","2012-11-26 19:43:03","480.000000","P2P_TRANSFER","--"
"Po8","Altimeter","2012-11-26 19:49:05","602.915000","SELL","Megleris"
"Po8","Evil_K9","2012-11-26 19:49:54","5.355000","SELL","Megleris"
"Po8","Ulcano","2012-11-26 19:51:04","36.125000","SELL","Megleris"
"Po8","Ulcano","2012-11-26 19:51:14","216.540000","SELL","Altimeter"
"nick8041","Po8","2012-11-26 19:54:10","73.920000","BUY","Megleris"
"Po8","ZirixZero","2012-11-26 19:56:42","630.840000","SELL","Altimeter"
"nick8041","Po8","2012-11-26 20:00:42","49.700000","BUY","Altimeter"
"Po8","CertifedCupcake","2012-11-26 20:00:50","617.870000","SELL","Altimeter"
"Megleris","franlk","2012-11-26 20:04:26","960.000000","P2P_TRANSFER","--"
"PickleMan","Po8","2012-11-26 20:49:17","17.280000","BUY","Pyrotek"
"PickleMan","Po8","2012-11-26 20:49:22","46.080000","BUY","Pyrotek"
"PickleMan","Po8","2012-11-26 20:49:25","548.480000","BUY","Pyrotek"
"Po8","Evil_K9","2012-11-26 20:49:32","103.680000","SELL","Pyrotek"
"jman0504","wigginman","2012-11-26 21:03:06","50.000000","P2P_TRANSFER","--"
"Po8","VerifedCupcake","2012-11-26 21:37:14","803.580000","SELL","Megleris"
"franlk","Po8","2012-11-26 21:37:18","456.960000","BUY","Megleris"
"Po8","VerifedCupcake","2012-11-26 21:37:22","3.520000","SELL","Megleris"
"Po8","jman0504","2012-11-26 21:39:16","237.205000","SELL","Megleris"
"Po8","franlk","2012-11-26 21:39:21","1650.490000","SELL","Megleris"
"Po8","jman0504","2012-11-26 21:40:37","469.960000","SELL","Megleris"
"franlk","Po8","2012-11-26 21:42:44","120.360000","BUY","Megleris"
"franlk","Po8","2012-11-26 21:42:48","1216.380000","BUY","Megleris"
"Po8","VerifedCupcake","2012-11-26 21:43:15","1344.640000","SELL","Megleris"
"PeebleTheory","Po8","2012-11-26 22:26:08","50.700000","BUY","Butlerlog"
"Po8","PickleMan","2012-11-26 22:30:23","19.780000","SELL","Butlerlog"
"FuzzyWuzzie","Po8","2012-11-26 22:38:46","12.000000","BUY","Butlerlog"
"PickleMan","Po8","2012-11-26 22:38:48","854.820000","BUY","Megleris"
"Po8","bones9302","2012-11-26 22:49:33","157.470000","SELL","Butlerlog"
"Po8","thurdog","2012-11-26 22:52:31","446.930000","SELL","Butlerlog"
"Po8","nick8041","2012-11-27 00:14:35","1.920000","SELL","PickleMan"
"Po8","nick8041","2012-11-27 00:14:45","13.370000","SELL","PickleMan"
"veechee","Po8","2012-11-27 00:14:54","42.400000","BUY","PickleMan"
"Po8","veechee","2012-11-27 01:07:57","20.900000","SELL","PatHeist"
"Po8","PickleMan","2012-11-27 01:08:10","0.220000","SELL","PatHeist"
"Po8","Ekardsille","2012-11-27 06:55:51","355.710000","SELL","Megleris"
"Po8","veechee","2012-11-27 06:55:56","95.640000","SELL","Megleris"
"Ulcano","Po8","2012-11-27 13:34:09","1408.740000","BUY","atlasrune"
"Po8","atlasrune","2012-11-27 13:38:36","53.815000","SELL","atlasrune"
"Po8","atlasrune","2012-11-27 14:26:55","7.075000","SELL","atlasrune"
"Po8","atlasrune","2012-11-27 14:28:40","391.595000","SELL_DENIED","Megleris | FUCK YOU ATLAS you dont get po8"
"Ekardsille","Po8","2012-11-27 14:29:33","3.800000","BUY","Megleris"
"Po8","atlasrune","2012-11-27 14:30:30","391.595000","SELL","Megleris"
"Po8","Megleris","2012-11-27 14:33:47","3.120000","SELL_DENIED","Megleris | testing"
"Megleris","Po8","2012-11-27 14:35:32","3.570000","BUY","Megleris"
"Po8","greypo","2012-11-27 14:36:05","132.960000","SELL","Megleris"
"Megleris","greypo","2012-11-27 14:38:03","400.000000","P2P_TRANSFER","--"
"Megleris","veechee","2012-11-27 14:51:39","1940.000000","P2P_TRANSFER","--"
"dotlizard","veechee","2012-11-27 14:54:33","3456.000000","P2P_TRANSFER","--"
"GreatRevival","Po8","2012-11-27 14:57:02","250.880000","BUY","Megleris"
"Ekardsille","Po8","2012-11-27 15:03:57","5.700000","BUY","Megleris"
"Po8","Flashplayerman","2012-11-27 15:09:30","31.995000","SELL","Megleris"
"thurdog","Van_Awesome","2012-11-27 15:12:54","1000.000000","P2P_TRANSFER","--"
"Po8","Flashplayerman","2012-11-27 15:13:13","43.395000","SELL","Megleris"
"Po8","Flashplayerman","2012-11-27 15:22:34","784.735000","SELL","Megleris"
"Flashplayerman","Po8","2012-11-27 15:28:39","59.600000","BUY","Megleris"
"Po8","chispire","2012-11-27 15:29:05","49.280000","SELL","Megleris"
"Flashplayerman","Po8","2012-11-27 16:34:06","60.000000","BUY","Megleris"
"Megleris","bones9302","2012-11-27 16:42:10","1620.000000","P2P_TRANSFER","--"
"Po8","veechee","2012-11-27 17:15:07","804.555000","SELL","Butlerlog"
"Po8","GreatRevival","2012-11-27 17:57:13","24202.940000","SELL","Megleris"
"Po8","GreatRevival","2012-11-27 17:57:52","3246.690000","SELL","Megleris"
"Po8","veechee","2012-11-27 18:03:21","56.350000","SELL","Altimeter"
"Megleris","veechee","2012-11-27 18:24:45","600.000000","P2P_TRANSFER","--"
"Po8","littlevoecks","2012-11-27 18:32:14","202.020000","SELL","Altimeter"
"Altimeter","Tsubino","2012-11-27 18:35:00","100.000000","P2P_TRANSFER","--"
"Po8","littlevoecks","2012-11-27 18:44:24","133.780000","SELL","Altimeter"
"littlevoecks","Po8","2012-11-27 18:46:06","296.000000","BUY","Altimeter"
"Ekardsille","Po8","2012-11-27 19:11:26","3.350000","BUY","Megleris"
"veechee","Po8","2012-11-27 19:11:47","14.600000","BUY","Megleris"
"Ekardsille","Po8","2012-11-27 19:21:38","3.350000","BUY","The_Lorax"
"veechee","Po8","2012-11-27 19:59:16","37.000000","BUY","Pyrotek"
"Po8","Ulcano","2012-11-27 19:59:21","247.710000","SELL","Pyrotek"
"Altimeter","Megleris","2012-11-27 20:01:37","807.000000","P2P_TRANSFER","--"
"Nixonat0r","Po8","2012-11-27 21:46:56","202.300000","BUY","Ereh_Dogon"
"Po8","OsamaBinSteve","2012-11-27 21:58:06","54.865000","SELL","Pyrotek"
"PickleMan","Po8","2012-11-27 21:58:10","28.160000","BUY","Pyrotek"
"OsamaBinSteve","Po8","2012-11-27 22:02:35","42.400000","BUY","Pyrotek"
"franlk","PickleMan","2012-11-27 22:03:05","75.000000","P2P_TRANSFER","--"
"franlk","PickleMan","2012-11-27 22:03:51","50.000000","P2P_TRANSFER","--"
"Trolling1856","PickleMan","2012-11-27 22:10:26","75.000000","P2P_TRANSFER","--"
"Po8","franlk","2012-11-27 22:35:39","576.400000","SELL","Butlerlog"
"Po8","PickleMan","2012-11-27 22:47:00","13.855000","SELL","Butlerlog"
"Po8","PickleMan","2012-11-27 22:49:07","0.600000","SELL","Butlerlog"
"Po8","PickleMan","2012-11-27 22:50:21","1.920000","SELL","Butlerlog"
"Megleris","thurdog","2012-11-28 01:08:32","2880.000000","P2P_TRANSFER","--"
"Po8","greypo","2012-11-28 01:13:53","66.880000","SELL","atlasrune"
"Po8","Megleris","2012-11-28 01:21:14","43290.240000","SELL","atlasrune"
"dotlizard","Megleris","2012-11-28 01:23:16","15000.000000","P2P_TRANSFER","--"
"Po8","greypo","2012-11-28 01:35:28","63.360000","SELL","atlasrune"
"dotlizard","Megleris","2012-11-28 01:43:19","10000.000000","P2P_TRANSFER","--"
"Po8","greypo","2012-11-28 01:56:39","21.315000","SELL","Megleris"
"Po8","greypo","2012-11-28 02:17:54","125.025000","SELL","atlasrune"
"Po8","greypo","2012-11-28 03:09:01","53.190000","SELL","Megleris"
"Po8","greypo","2012-11-28 13:45:35","60.255000","SELL","atlasrune"
"Po8","greypo","2012-11-28 13:57:04","26.740000","SELL","The_Lorax"
"ChapelGentry","the_narwhal_king","2012-11-28 14:20:54","1300.000000","P2P_TRANSFER","--"
"Po8","Lygarine","2012-11-28 15:30:27","190.080000","SELL","Megleris"
"Po8","Sierra_G_117","2012-11-28 15:59:15","3.770000","SELL","Pyrotek"
"blacknbluedragon","Po8","2012-11-28 16:12:08","207.360000","BUY","Pyrotek"
"blacknbluedragon","Po8","2012-11-28 16:12:16","207.360000","BUY","Butlerlog"
"blacknbluedragon","Po8","2012-11-28 16:15:29","207.360000","BUY","Pyrotek"
"Po8","GreatRevival","2012-11-28 16:53:07","44.160000","SELL","Pyrotek"
"GreatRevival","Po8","2012-11-28 16:53:11","2760.000000","BUY","Pyrotek"
"blacknbluedragon","Po8","2012-11-28 16:53:14","1739.520000","BUY","Pyrotek"
"Po8","GreatRevival","2012-11-28 16:53:31","48.920000","SELL","Megleris"
"Po8","GreatRevival","2012-11-28 17:23:48","26.695000","SELL","Megleris"
"PickleMan","Po8","2012-11-28 17:50:28","3309.120000","BUY","Megleris"
"Po8","PickleMan","2012-11-28 17:52:39","15390.880000","SELL","Megleris"
"Megleris","PickleMan","2012-11-28 18:37:51","75.000000","P2P_TRANSFER","--"
"Sierra_G_117","PickleMan","2012-11-28 18:38:24","450.000000","P2P_TRANSFER","--"
"Sierra_G_117","PickleMan","2012-11-28 18:55:18","75.000000","P2P_TRANSFER","--"
"VerifedCupcake","Po8","2012-11-28 19:19:58","386.560000","BUY","Megleris"
"Po8","Sierra_G_117","2012-11-28 19:20:04","5086.625000","SELL","Megleris"
"Po8","GreatRevival","2012-11-28 19:20:08","1.920000","SELL","Megleris"
"PickleMan","Po8","2012-11-28 20:53:04","92.160000","BUY","Altimeter"
"PickleMan","Po8","2012-11-28 21:53:22","14.080000","BUY","dotlizard"
"escherial","Po8","2012-11-28 21:56:35","243.370000","BUY","atlasrune"
"Po8","nick8041","2012-11-29 00:53:58","604.305000","SELL","Megleris"
"Po8","greypo","2012-11-29 00:54:01","17.600000","SELL","Megleris"
"greypo","Po8","2012-11-29 00:54:03","636.700000","BUY","Megleris"
"nick8041","Po8","2012-11-29 03:07:20","240.100000","BUY","atlasrune"
"Po8","Lygarine","2012-11-29 03:45:58","190.080000","SELL","Megleris"
"Po8","greypo","2012-11-29 03:46:01","44.350000","SELL","Megleris"
"greypo","Po8","2012-11-29 03:46:04","44.250000","BUY","Megleris"
"Megleris","Po8","2012-11-29 04:59:51","0.090000","BUY","Octavian0"
"Po8","Lygarine","2012-11-29 09:32:43","510.400000","SELL","The_Lorax"
"nick8041","Po8","2012-11-29 11:00:00","62.500000","BUY","Butlerlog"
"Po8","Lygarine","2012-11-29 11:13:48","1866.240000","SELL","The_Lorax"
"Po8","nick8041","2012-11-29 12:50:26","99.840000","SELL","The_Lorax"
"Po8","Stagen","2012-11-29 13:48:42","31.650000","SELL","Butlerlog"
"greypo","Po8","2012-11-29 13:48:48","472.980000","BUY","Butlerlog"
"Po8","ChapelGentry","2012-11-29 13:50:28","12235.795000","SELL","Butlerlog"
"ChapelGentry","Po8","2012-11-29 13:51:23","155.070000","BUY","Butlerlog"
"ChapelGentry","Po8","2012-11-29 13:52:02","155.070000","BUY","Butlerlog"
"ChapelGentry","Po8","2012-11-29 13:59:59","1596.000000","BUY","myrto"
"ChapelGentry","Po8","2012-11-29 14:08:10","556.720000","BUY","myrto"
"Ekardsille","Po8","2012-11-29 15:01:48","12.500000","BUY","myrto"
"Po8","rabi","2012-11-29 15:02:19","1107.305000","SELL","myrto"
"Po8","ZirixZero","2012-11-29 15:17:09","581.080000","SELL","myrto"
"Van_Awesome","VerifedCupcake","2012-11-29 16:21:43","300.000000","P2P_TRANSFER","--"
"Po8","Lygarine","2012-11-29 16:28:40","1866.240000","SELL","myrto"
"Po8","Stagen","2012-11-29 16:28:55","973.315000","SELL","myrto"
"Po8","GreatRevival","2012-11-29 16:29:07","2.270000","SELL","myrto"
"blacknbluedragon","Po8","2012-11-29 16:29:17","723.900000","BUY","myrto"
"ChapelGentry","Po8","2012-11-29 16:29:42","500.000000","BUY","myrto"
"Van_Awesome","Ulcano","2012-11-29 16:32:42","195.000000","P2P_TRANSFER","--"
"VerifedCupcake","Po8","2012-11-29 17:03:03","51.800000","BUY","myrto"
"CertifedCupcake","Po8","2012-11-29 17:03:15","60.000000","BUY","Pyrotek"
"Pyrotek","myrto","2012-11-29 17:11:52","4936.000000","GRANT","--"
"Po8","blacknbluedragon","2012-11-29 17:15:09","0.135000","SELL","myrto"
"myrto","Po8","2012-11-29 17:19:59","155.520000","BUY","myrto"
"Ulcano","Po8","2012-11-29 17:30:05","395.030000","BUY","myrto"
"PeebleTheory","PickleMan","2012-11-29 17:39:30","30.000000","P2P_TRANSFER","--"
"myrto","Po8","2012-11-29 17:57:30","103.680000","BUY","myrto"
"CertifedCupcake","Po8","2012-11-29 17:57:43","461.010000","BUY","myrto"
"Po8","CertifedCupcake","2012-11-29 18:02:46","33.840000","SELL","myrto"
"Po8","CertifedCupcake","2012-11-29 18:02:57","74.580000","SELL","myrto"
"PickleMan","Po8","2012-11-29 18:06:31","3.840000","BUY","myrto"
"Flashplayerman","Po8","2012-11-29 18:13:09","282.880000","BUY","myrto"
"CertifedCupcake","PickleMan","2012-11-29 18:18:31","125.000000","P2P_TRANSFER","--"
"PickleMan","littlevoecks","2012-11-29 18:24:39","25.000000","P2P_TRANSFER","--"
"CertifedCupcake","PickleMan","2012-11-29 18:27:30","65.000000","P2P_TRANSFER","--"
"littlevoecks","PickleMan","2012-11-29 18:29:22","63.000000","P2P_TRANSFER","--"
"Po8","littlevoecks","2012-11-29 18:45:56","33.775000","SELL","myrto"
"Po8","Ulcano","2012-11-29 18:49:12","221.185000","SELL","Megleris"
"Megleris","RogueHaven","2012-11-29 19:06:08","760.000000","P2P_TRANSFER","--"
"PickleMan","Po8","2012-11-29 19:24:05","2578.050000","BUY","dotlizard"
"CertifedCupcake","Po8","2012-11-29 20:00:53","30.000000","BUY","Butlerlog"
"Po8","CertifedCupcake","2012-11-29 21:08:20","141.120000","SELL","Butlerlog"
"CertifedCupcake","Po8","2012-11-29 21:35:47","45.000000","BUY","Butlerlog"
"PickleMan","Po8","2012-11-29 22:05:13","311.040000","BUY","Megleris"
"Sharkd","Po8","2012-11-29 22:06:33","830.080000","BUY","Pyrotek"
"PickleMan","Po8","2012-11-29 22:17:44","898.560000","BUY","Megleris"
"Po8","Van_Awesome","2012-11-29 22:17:48","762.680000","SELL","Pyrotek"
"Po8","Stanhopes","2012-11-29 22:23:55","16.500000","SELL","Megleris"
"Po8","CertifedCupcake","2012-11-29 22:25:00","31.000000","SELL","Megleris"
"RogueHaven","thurdog","2012-11-29 23:30:28","1000.000000","P2P_TRANSFER","--"
"Lygarine","Po8","2012-11-30 02:43:15","311.040000","BUY","dotlizard"
"Lygarine","Po8","2012-11-30 03:23:02","933.120000","BUY","dotlizard"
"thurdog","Po8","2012-11-30 07:07:44","5324.000000","BUY","Pyrotek"
"Po8","Lygarine","2012-11-30 07:07:47","1866.240000","SELL","Pyrotek"
"Po8","Lygarine","2012-11-30 07:07:50","1866.240000","SELL","Pyrotek"
"Po8","Lygarine","2012-11-30 07:07:53","1866.240000","SELL","Pyrotek"
"Po8","Lygarine","2012-11-30 07:07:57","1036.800000","SELL","Pyrotek"
"Po8","Lygarine","2012-11-30 07:08:00","933.120000","SELL","Pyrotek"
"Po8","KorusRay","2012-11-30 10:38:16","3660.125000","SELL","Butlerlog"
"Po8","KorusRay","2012-11-30 10:39:19","71.790000","SELL","Butlerlog"
"Po8","Lygarine","2012-11-30 13:00:39","158.400000","SELL","Megleris"
"Po8","Lygarine","2012-11-30 13:00:43","95.040000","SELL","Megleris"
"blacknbluedragon","Po8","2012-11-30 14:16:49","311.040000","BUY","Megleris"
"CertifedCupcake","Po8","2012-11-30 15:28:47","31.360000","BUY","The_Lorax"
"Po8","CertifedCupcake","2012-11-30 15:32:32","31.250000","SELL","The_Lorax"
"CertifedCupcake","Po8","2012-11-30 15:33:04","32.000000","BUY","The_Lorax"
"Po8","CertifedCupcake","2012-11-30 15:44:58","83.295000","SELL","The_Lorax"
"Sierra_G_117","Po8","2012-11-30 16:30:35","156.150000","BUY","The_Lorax"
"GreatRevival","Po8","2012-11-30 16:34:44","450.000000","BUY","myrto"
"Tengoku_Furasshu","PickleMan","2012-11-30 17:24:48","500.000000","P2P_TRANSFER","--"
"bones9302","PickleMan","2012-11-30 17:40:56","2500.000000","P2P_TRANSFER","--"
"Po8","Evil_K9","2012-11-30 17:44:54","103.680000","SELL","Butlerlog"
"Po8","bones9302","2012-11-30 17:45:00","12645.760000","SELL","Butlerlog"
"Flashplayerman","Po8","2012-11-30 18:13:29","16.000000","BUY","Butlerlog"
"Po8","Ulcano","2012-11-30 18:26:30","143.050000","SELL","Pyrotek"
"Po8","Ulcano","2012-11-30 19:26:21","356.480000","SELL","Pyrotek"
"GreatRevival","Po8","2012-11-30 19:53:32","2116.000000","BUY","The_Lorax"
"Po8","CertifedCupcake","2012-11-30 19:54:58","1173.375000","SELL","SpokenSquid"
"GreatRevival","Po8","2012-11-30 19:56:55","1863.000000","BUY","The_Lorax"
"GreatRevival","Po8","2012-11-30 19:58:39","3505.000000","BUY","The_Lorax"
"Sierra_G_117","greypo","2012-11-30 21:43:33","550.000000","P2P_TRANSFER","--"
"Po8","Sierra_G_117","2012-11-30 21:47:23","31.680000","SELL","Butlerlog"
"greypo","Po8","2012-11-30 22:09:05","556.370000","BUY","Butlerlog"
"Po8","greypo","2012-11-30 22:11:13","88.880000","SELL","Butlerlog"
"Po8","Flashplayerman","2012-11-30 22:12:30","10.210000","SELL","Butlerlog"
"Po8","Sierra_G_117","2012-11-30 23:01:56","77.440000","SELL","Pyrotek"
"Po8","greypo","2012-11-30 23:41:48","12.220000","SELL","Pyrotek"
"thurdog","Po8","2012-11-30 23:41:51","1415.320000","BUY","Pyrotek"
"PeebleTheory","greypo","2012-12-01 04:14:59","108.000000","P2P_TRANSFER","--"
"nick8041","Po8","2012-12-01 04:57:09","6.700000","BUY","atlasrune"
"veechee","Po8","2012-12-01 04:57:15","22.500000","BUY","atlasrune"
"GreatRevival","Po8","2012-12-01 07:40:24","28.800000","BUY","The_Lorax"
"GreatRevival","Po8","2012-12-01 07:40:32","32.440000","BUY","The_Lorax"
"franlk","Po8","2012-12-01 07:40:39","39.680000","BUY","The_Lorax"
"blacknbluedragon","Po8","2012-12-01 08:58:57","311.040000","BUY","Pyrotek"
"Stagen","Po8","2012-12-01 09:45:21","272.300000","BUY","The_Lorax"
"Po8","Lygarine","2012-12-01 09:45:27","112.640000","SELL","The_Lorax"
"GreatRevival","Po8","2012-12-01 09:48:58","6454.000000","BUY","The_Lorax"
"Po8","blacknbluedragon","2012-12-01 09:50:11","3275.220000","SELL","The_Lorax"
"GreatRevival","Po8","2012-12-01 10:28:23","4945.050000","BUY","Megleris"
"Po8","Megleris","2012-12-01 10:35:56","24814.080000","SELL","Butlerlog"
"GreatRevival","Po8","2012-12-01 10:37:50","3590.000000","BUY","Butlerlog"
"blacknbluedragon","Po8","2012-12-01 11:46:29","311.040000","BUY","Megleris"
"KorusRay","Sierra_G_117","2012-12-01 12:26:07","1000.000000","P2P_TRANSFER","--"
"Sierra_G_117","Po8","2012-12-01 12:39:14","311.360000","BUY","The_Lorax"
"Po8","atlasrune","2012-12-01 12:49:50","192.105000","SELL","The_Lorax"
"PickleMan","slimjim548","2012-12-01 13:04:22","25.000000","P2P_TRANSFER","--"
"Sierra_G_117","Po8","2012-12-01 13:52:09","1959.200000","BUY","Megleris"
"Po8","greypo","2012-12-01 14:35:23","37.440000","SELL_DENIED","atlasrune | Noyoudon'tplease."
"Po8","blacknbluedragon","2012-12-01 16:05:37","0.375000","SELL","The_Lorax"
"GreatRevival","Po8","2012-12-01 16:05:38","32.500000","BUY","Megleris"
"Po8","blacknbluedragon","2012-12-01 16:05:44","8.660000","SELL","The_Lorax"
"Po8","blacknbluedragon","2012-12-01 16:06:16","1.145000","SELL","Butlerlog"
"Po8","blacknbluedragon","2012-12-01 16:06:29","3.120000","SELL","Butlerlog"
"Po8","blacknbluedragon","2012-12-01 16:08:22","85.995000","SELL","Butlerlog"
"CertifedCupcake","Po8","2012-12-01 16:08:24","39.800000","BUY","Pyrotek"
"blacknbluedragon","Po8","2012-12-01 17:08:39","311.040000","BUY","Megleris"
"Po8","Stanhopes","2012-12-01 17:08:44","35.170000","SELL","myrto"
"Po8","Megleris","2012-12-01 17:21:52","37.180000","SELL","Megleris"
"Ekardsille","Po8","2012-12-01 17:21:55","78.100000","BUY","Megleris"
"Po8","PickleMan","2012-12-01 17:27:55","2557.590000","SELL","myrto"
"Po8","Van_Awesome","2012-12-01 17:29:09","29.555000","SELL","Butlerlog"
"Po8","blacknbluedragon","2012-12-01 17:32:25","0.640000","SELL","Butlerlog"
"Po8","PickleMan","2012-12-01 17:33:09","147.260000","SELL","Butlerlog"
"Stagen","myrto","2012-12-01 17:35:22","1040.000000","P2P_TRANSFER","--"
"Po8","PickleMan","2012-12-01 17:35:52","506.095000","SELL","Butlerlog"
"Po8","PickleMan","2012-12-01 17:37:08","1214.820000","SELL","Butlerlog"
"Po8","PickleMan","2012-12-01 17:41:52","685.950000","SELL","Butlerlog"
"Po8","PickleMan","2012-12-01 17:41:56","256.245000","SELL","Butlerlog"
"Po8","PickleMan","2012-12-01 17:42:38","18.555000","SELL","Butlerlog"
"Po8","greypo","2012-12-01 17:46:05","152.750000","SELL","Butlerlog"
"Po8","PickleMan","2012-12-01 17:47:16","531.880000","SELL","Butlerlog"
"Po8","greypo","2012-12-01 17:55:01","1.690000","SELL","Butlerlog"
"PickleMan","Po8","2012-12-01 18:21:33","183.680000","BUY","Butlerlog"
"Po8","PickleMan","2012-12-01 18:22:14","23.005000","SELL","Butlerlog"
"Po8","Megleris","2012-12-01 18:39:32","52.850000","SELL","Megleris"
"Sierra_G_117","Po8","2012-12-01 18:39:34","694.000000","BUY","Butlerlog"
"Po8","CertifedCupcake","2012-12-01 18:41:36","637.560000","SELL_DENIED","Megleris | He's going to sell it to megnub instead"
"Megleris","CertifedCupcake","2012-12-01 18:45:08","1050.000000","P2P_TRANSFER","--"
"CertifedCupcake","Po8","2012-12-01 18:54:50","120.200000","BUY","Megleris"
"Po8","PickleMan","2012-12-01 19:09:25","72.130000","SELL","Altimeter"
"Po8","Polarisknife","2012-12-01 19:24:13","95.400000","SELL","Altimeter"
"Po8","PickleMan","2012-12-01 19:36:49","65.035000","SELL","The_Lorax"
"Flashplayerman","PickleMan","2012-12-01 19:41:17","100.000000","P2P_TRANSFER","--"
"PickleMan","RogueHaven","2012-12-01 19:41:25","10.000000","P2P_TRANSFER","--"
"CertifedCupcake","PickleMan","2012-12-01 19:41:28","100.000000","P2P_TRANSFER","--"
"PickleMan","RogueHaven","2012-12-01 19:41:41","10.000000","P2P_TRANSFER","--"
"Po8","PickleMan","2012-12-01 19:52:11","30.680000","SELL","The_Lorax"
"Po8","Polarisknife","2012-12-01 19:52:17","81.050000","SELL","The_Lorax"
"Polarisknife","Po8","2012-12-01 19:55:33","2401.500000","BUY","The_Lorax"
"PickleMan","Po8","2012-12-01 19:56:38","21.120000","BUY","The_Lorax"
"PickleMan","Po8","2012-12-01 20:13:26","30.720000","BUY","The_Lorax"
"Flashplayerman","Po8","2012-12-01 20:20:25","158.080000","BUY","The_Lorax"
"Po8","Flashplayerman","2012-12-01 20:20:32","12.435000","SELL","The_Lorax"
"jman0504","Po8","2012-12-01 20:46:26","415.540000","BUY","The_Lorax"
"GreatRevival","Po8","2012-12-01 21:15:33","987.520000","BUY","The_Lorax"
"blacknbluedragon","Po8","2012-12-01 21:28:49","1192.000000","BUY","The_Lorax"
"Po8","blacknbluedragon","2012-12-01 21:30:05","0.075000","SELL","The_Lorax"
"PickleMan","greypo","2012-12-01 22:17:54","15.000000","P2P_TRANSFER","--"
"Po8","Altimeter","2012-12-01 22:18:07","4.380000","SELL","Butlerlog"
"Po8","Altimeter","2012-12-01 22:19:58","90.535000","SELL","Butlerlog"
"Altimeter","Po8","2012-12-01 22:20:21","17.000000","BUY","Butlerlog"
"Po8","Altimeter","2012-12-01 22:21:19","8.505000","SELL","Pyrotek"
"Altimeter","Po8","2012-12-01 22:22:28","14.600000","BUY","Pyrotek"
"jman0504","Po8","2012-12-01 22:25:58","419.520000","BUY","Pyrotek"
"Po8","Altimeter","2012-12-01 22:26:04","73.485000","SELL","Pyrotek"
"Altimeter","Po8","2012-12-01 22:31:23","8.850000","BUY","Megleris"
"Altimeter","Po8","2012-12-01 22:37:17","53.760000","BUY","Altimeter"
"Sierra_G_117","Po8","2012-12-01 22:37:23","75.840000","BUY","Altimeter"
"PsYC0t1k","Po8","2012-12-01 22:49:34","444.160000","BUY","Altimeter"
"CertifedCupcake","Po8","2012-12-01 22:49:37","2.570000","BUY","Altimeter"
"Po8","Altimeter","2012-12-01 22:55:13","480.495000","SELL","Altimeter"
"Altimeter","Po8","2012-12-01 22:55:19","48.000000","BUY","Altimeter"
"CertifedCupcake","Po8","2012-12-01 23:01:02","192.000000","BUY","atlasrune"
"Ereh_Dogon","Altimeter","2012-12-01 23:02:09","4.050000","P2P_TRANSFER","--"
"TemperD_Xaon","PickleMan","2012-12-01 23:15:32","100.000000","P2P_TRANSFER","--"
"Po8","CertifedCupcake","2012-12-01 23:15:59","1.320000","SELL","Pyrotek"
"CertifedCupcake","Po8","2012-12-01 23:16:02","12.900000","BUY","Pyrotek"
"PickleMan","LimeyBoy","2012-12-01 23:18:18","50.000000","P2P_TRANSFER","--"
"PickleMan","LimeyBoy","2012-12-01 23:18:29","50.000000","P2P_TRANSFER","--"
"TemperD_Xaon","PickleMan","2012-12-01 23:18:59","100.000000","P2P_TRANSFER","--"
"Po8","Altimeter","2012-12-01 23:20:35","117.705000","SELL","Pyrotek"
"CertifedCupcake","Po8","2012-12-01 23:23:44","12.900000","BUY","Pyrotek"
"Po8","Flashplayerman","2012-12-01 23:23:47","145.420000","SELL","Pyrotek"
"CertifedCupcake","Po8","2012-12-01 23:27:40","30.360000","BUY","Pyrotek"
"CertifedCupcake","Po8","2012-12-01 23:31:00","213.500000","BUY","Pyrotek"
"PickleMan","LimeyBoy","2012-12-01 23:33:01","0.000000","P2P_TRANSFER","--"
"PickleMan","Zar14","2012-12-01 23:33:59","0.000000","P2P_TRANSFER","--"
"PickleMan","TemperD_Xaon","2012-12-01 23:34:23","0.000000","P2P_TRANSFER","--"
"PickleMan","Ereh_Dogon","2012-12-01 23:37:12","100.000000","P2P_TRANSFER","--"
"Po8","PickleMan","2012-12-01 23:38:33","191.435000","SELL","Pyrotek"
"PickleMan","Po8","2012-12-01 23:45:02","2.030000","BUY","Altimeter"
"Po8","Pachirisu","2012-12-02 01:19:31","1438.250000","SELL","Megleris"
"Po8","Megleris","2012-12-02 01:41:50","89.930000","SELL","atlasrune"
"Megleris","shrood","2012-12-02 01:54:32","4950.000000","P2P_TRANSFER","--"
"Megleris","TemperD_Xaon","2012-12-02 01:55:31","500.000000","P2P_TRANSFER","--"
"Megleris","greypo","2012-12-02 01:57:48","400.000000","P2P_TRANSFER","--"
"Ekardsille","Po8","2012-12-02 02:05:05","27.000000","BUY","atlasrune"
"Ekardsille","Po8","2012-12-02 02:05:43","16.000000","BUY","Megleris"
"Ekardsille","Po8","2012-12-02 02:07:26","5.760000","BUY","atlasrune"
"Ekardsille","Po8","2012-12-02 02:11:06","27.000000","BUY","atlasrune"
"Ekardsille","Po8","2012-12-02 02:11:10","5.760000","BUY","atlasrune"
"Po8","DasHuhn","2012-12-02 02:11:16","895.070000","SELL","atlasrune"
"Po8","Megleris","2012-12-02 02:38:00","205.320000","SELL","atlasrune"
"Po8","Megleris","2012-12-02 02:44:14","16.850000","SELL","atlasrune"
"Po8","myrto","2012-12-02 06:51:31","1997.330000","SELL","myrto"
"blacknbluedragon","Po8","2012-12-02 07:42:54","483.840000","BUY","The_Lorax"
"CertifedCupcake","Po8","2012-12-02 09:16:19","33.280000","BUY","PatHeist"
"Po8","jakulern","2012-12-02 09:18:45","19.350000","SELL","myrto"
"Po8","jakulern","2012-12-02 09:54:17","1109.710000","SELL","myrto"
"Po8","CertifedCupcake","2012-12-02 09:55:02","23.980000","SELL","myrto"
"myrto","Po8","2012-12-02 09:58:05","373.760000","BUY","myrto"
"Po8","jakulern","2012-12-02 10:21:41","1252.350000","SELL","The_Lorax"
"jakulern","Po8","2012-12-02 10:21:58","882.000000","BUY","The_Lorax"
"jakulern","Po8","2012-12-02 10:42:42","136.240000","BUY","The_Lorax"
"jakulern","Po8","2012-12-02 10:45:34","578.000000","BUY","The_Lorax"
"Po8","jakulern","2012-12-02 10:48:13","1020.800000","SELL","The_Lorax"
"jakulern","Po8","2012-12-02 10:55:30","3.800000","BUY","Butlerlog"
"GreatRevival","Po8","2012-12-02 10:55:34","298.760000","BUY","Butlerlog"
"CertifedCupcake","Po8","2012-12-02 12:57:14","25.200000","BUY","PatHeist"
"CertifedCupcake","Po8","2012-12-02 12:57:19","16.000000","BUY","PatHeist"
"GreatRevival","Po8","2012-12-02 12:57:28","161.550000","BUY","PatHeist"
"GreatRevival","Po8","2012-12-02 12:57:34","3.650000","BUY","PatHeist"
"Zar14","Po8","2012-12-02 12:57:40","35.200000","BUY","PatHeist"
"Po8","Flashplayerman","2012-12-02 12:57:45","327.030000","SELL","PatHeist"
"Po8","OsamaBinSteve","2012-12-02 12:57:51","340.825000","SELL","PatHeist"
"GreatRevival","Po8","2012-12-02 12:58:02","991.620000","BUY","PatHeist"
"Po8","GreatRevival","2012-12-02 12:58:08","9950.200000","SELL","PatHeist"
"Stagen","Po8","2012-12-02 12:58:14","61.440000","BUY","PatHeist"
"Po8","dotlizard","2012-12-02 12:58:21","2607.360000","SELL","PatHeist"
"GreatRevival","Po8","2012-12-02 13:11:12","164.250000","BUY","Pyrotek"
"Po8","greypo","2012-12-02 13:11:15","37.440000","SELL","Pyrotek"
"greypo","Po8","2012-12-02 13:22:41","42.240000","BUY","The_Lorax"
"greypo","Po8","2012-12-02 13:23:04","85.760000","BUY","The_Lorax"
"GreatRevival","Po8","2012-12-02 13:26:45","148.800000","BUY","The_Lorax"
"GreatRevival","PickleMan","2012-12-02 14:12:20","3000.000000","P2P_TRANSFER","--"
"PickleMan","GreatRevival","2012-12-02 14:12:28","3000.000000","P2P_TRANSFER","--"
"GreatRevival","Po8","2012-12-02 14:16:41","95.760000","BUY","Butlerlog"
"PickleMan","greypo","2012-12-02 14:29:00","15.000000","P2P_TRANSFER","--"
"PickleMan","greypo","2012-12-02 14:51:41","25.000000","P2P_TRANSFER","--"
"PickleMan","thurdog","2012-12-02 14:55:18","1000.000000","P2P_TRANSFER","--"
"Po8","Ulcano","2012-12-02 15:16:40","168.300000","SELL","Butlerlog"
"Po8","Sharkd","2012-12-02 15:16:46","5028.480000","SELL","Butlerlog"
"Po8","Sharkd","2012-12-02 15:16:52","56.160000","SELL","Butlerlog"
"GreatRevival","Po8","2012-12-02 15:30:49","227.840000","BUY","Butlerlog"
"GreatRevival","Po8","2012-12-02 15:33:05","18.250000","BUY","Butlerlog"
"GreatRevival","Po8","2012-12-02 15:34:30","234.240000","BUY","Butlerlog"
"Po8","atlasrune","2012-12-02 16:34:38","666.680000","SELL","Pyrotek"
"PickleMan","Po8","2012-12-02 18:18:07","286.720000","BUY","Megleris"
"PickleMan","Po8","2012-12-02 18:47:31","755.200000","BUY","atlasrune"
"GreatRevival","PickleMan","2012-12-02 18:52:37","1500.000000","P2P_TRANSFER","--"
"PickleMan","Po8","2012-12-02 18:53:54","1203.840000","BUY","Megleris"
"PickleMan","PeebleTheory","2012-12-02 19:00:23","1000.000000","P2P_TRANSFER","--"
"PickleMan","Po8","2012-12-02 19:30:17","259.200000","BUY","dotlizard"
"Po8","Flashplayerman","2012-12-02 20:53:19","77.050000","SELL","Megleris"
"Po8","PickleMan","2012-12-02 21:07:33","390.320000","SELL","Butlerlog"
"Lygarine","PickleMan","2012-12-02 21:33:50","100.000000","P2P_TRANSFER","--"
"Megleris","PickleMan","2012-12-02 21:36:21","1000.000000","P2P_TRANSFER","--"
"Octavian0","Pyrotek","2012-12-02 22:21:12","100.000000","P2P_TRANSFER","--"
"PatHeist","greypo","2012-12-02 23:21:46","300.000000","P2P_TRANSFER","--"
"Po8","bones9302","2012-12-02 23:24:14","992.000000","SELL","Megleris"
"nsanidy","nsanidy","2012-12-02 23:24:46","990138938529.000000","GRANT","--"
"Megleris","LewisGravy","2012-12-02 23:25:33","1600.000000","P2P_TRANSFER","--"
"Megleris","Megleris","2012-12-02 23:37:51","888.900000","GRANT","--"
"Megleris","Po8","2012-12-02 23:38:09","28.880000","BUY","Megleris"
"Megleris","Po8","2012-12-02 23:38:14","888.900000","BUY","Megleris"
"Megleris","PickleMan","2012-12-03 00:34:08","2300.000000","P2P_TRANSFER","--"
"atlasrune","atlasrune","2012-12-03 01:40:17","4800.000000","GRANT","--"
"nick8041","Po8","2012-12-03 01:50:30","24.000000","BUY","Megleris"
"Po8","Lygarine","2012-12-03 01:50:35","190.080000","SELL","Megleris"
"Megleris","Po8","2012-12-03 01:54:07","1048.320000","BUY","atlasrune"
"Po8","Megleris","2012-12-03 01:54:12","75.840000","SELL","atlasrune"
"Po8","Lygarine","2012-12-03 02:07:47","86.020000","SELL","Megleris"
"PickleMan","Po8","2012-12-03 02:36:14","57.750000","BUY","Megleris"
"shrood","TheDesiree","2012-12-03 02:36:41","1000.000000","P2P_TRANSFER","--"
"TheDesiree","PickleMan","2012-12-03 02:37:23","1028.000000","P2P_TRANSFER","--"
"TheDesiree","PickleMan","2012-12-03 02:38:22","1000.000000","P2P_TRANSFER","--"
"shrood","TheDesiree","2012-12-03 02:38:59","500.000000","P2P_TRANSFER","--"
"TheDesiree","PickleMan","2012-12-03 02:39:21","500.000000","P2P_TRANSFER","--"
"atlasrune","PickleMan","2012-12-03 02:41:01","192.000000","P2P_TRANSFER","--"
"myrto","Po8","2012-12-03 06:17:30","516.800000","BUY","myrto"
"Po8","myrto","2012-12-03 09:54:35","109.925000","SELL","M4D_H4TT3R"
"Po8","Howl_Kohaku","2012-12-03 09:55:22","70.300000","SELL","M4D_H4TT3R"
"Po8","KODY24","2012-12-03 10:48:28","1686.600000","SELL","atlasrune"
"Po8","atlasrune","2012-12-03 11:50:55","860.780000","SELL","blackrosebronwen"
"atlasrune","Po8","2012-12-03 11:51:21","2263.800000","BUY","blackrosebronwen"
"atlasrune","Po8","2012-12-03 12:20:24","785.380000","BUY","Butlerlog"
"Sierra_G_117","Po8","2012-12-03 14:23:28","25.520000","BUY","dotlizard"
"Po8","greypo","2012-12-03 14:53:22","95.040000","SELL","Butlerlog"
"Po8","blacknbluedragon","2012-12-03 14:53:26","0.610000","SELL","Butlerlog"
"PickleMan","Po8","2012-12-03 15:38:50","174.080000","BUY","Pyrotek"
"Po8","Sharkd","2012-12-03 15:38:57","627.840000","SELL","dotlizard"
"Po8","Sharkd","2012-12-03 15:39:02","25.920000","SELL","Pyrotek"
"Po8","Sharkd","2012-12-03 15:39:06","51.840000","SELL","dotlizard"
"Casper3641","Po8","2012-12-03 16:09:05","205.400000","BUY","Megleris"
"Po8","Casper3641","2012-12-03 16:19:25","32.670000","SELL","Pyrotek"
"PickleMan","Po8","2012-12-03 16:44:44","516.800000","BUY","M4D_H4TT3R"
"Po8","omnomnom18","2012-12-03 16:54:34","91.110000","SELL","Pyrotek"
"Po8","omnomnom18","2012-12-03 16:55:47","328.065000","SELL","Pyrotek"
"Casper3641","Po8","2012-12-03 16:58:37","65.280000","BUY","Pyrotek"
"Po8","Casper3641","2012-12-03 17:01:08","19.350000","SELL","Pyrotek"
"Lygarine","Po8","2012-12-03 17:48:14","120.960000","BUY","Pyrotek"
"Lygarine","Po8","2012-12-03 18:06:24","3.830000","BUY","Butlerlog"
"Po8","ZirixZero","2012-12-03 18:06:32","611.655000","SELL","Megleris"
"Sharkd","Po8","2012-12-03 18:36:12","2540.090000","BUY","Pyrotek"
"PatHeist","Butlerlog","2012-12-03 18:53:27","813.170000","P2P_TRANSFER","--"
"PickleMan","Po8","2012-12-03 18:53:32","119.040000","BUY","Megleris"
"Butlerlog","Po8","2012-12-03 19:08:29","2364.280000","BUY","Pyrotek"
"Butlerlog","Po8","2012-12-03 19:09:06","16.000000","BUY","Megleris"
"Sharkd","Po8","2012-12-03 19:44:35","527.570000","BUY","Pyrotek"
"Butlerlog","Po8","2012-12-03 19:44:53","2492.140000","BUY","Pyrotek"
"Po8","GreatRevival","2012-12-03 19:45:28","14.660000","SELL","Pyrotek"
"Ulcano","PickleMan","2012-12-03 19:52:38","100.000000","P2P_TRANSFER","--"
"Butlerlog","Butlerlog","2012-12-03 19:56:03","2000.000000","GRANT","--"
"Butlerlog","Po8","2012-12-03 19:57:21","868.000000","BUY","Butlerlog"
"Butlerlog","Po8","2012-12-03 19:58:09","32.000000","BUY","Butlerlog"
"Po8","KorusRay","2012-12-03 20:07:52","207.015000","SELL","The_Lorax"
"Butlerlog","Po8","2012-12-03 20:20:00","663.140000","BUY","Butlerlog"
"Butlerlog","Po8","2012-12-03 20:21:28","163.840000","BUY","Butlerlog"
"Po8","Van_Awesome","2012-12-03 21:38:43","755.060000","SELL","Pyrotek"
"Po8","nick8041","2012-12-03 21:38:47","444.540000","SELL","Pyrotek"
"PeebleTheory","Po8","2012-12-03 22:00:36","1985.920000","BUY","Megleris"
"Sierra_G_117","Po8","2012-12-03 22:07:48","38.400000","BUY","PatHeist"
"Sierra_G_117","dotlizard","2012-12-03 23:15:36","1000.000000","P2P_TRANSFER","--"
"Po8","Evil_K9","2012-12-03 23:15:46","1520.640000","SELL","dotlizard"
"Evil_K9","Po8","2012-12-03 23:25:33","1493.800000","BUY","dotlizard"
"Po8","PickleMan","2012-12-03 23:25:48","9.580000","SELL","dotlizard"
"Lygarine","Po8","2012-12-03 23:26:00","373.760000","BUY","dotlizard"
"Po8","dotlizard","2012-12-03 23:26:09","407.360000","SELL","dotlizard"
"Po8","dotlizard","2012-12-03 23:51:00","599.605000","SELL","dotlizard"
"Ekardsille","Po8","2012-12-04 00:56:39","9.000000","BUY","dotlizard"
"dotlizard","Po8","2012-12-04 00:56:49","40.650000","BUY","dotlizard"
"Po8","dotlizard","2012-12-04 01:35:52","529.620000","SELL","dotlizard"
"Ekardsille","Po8","2012-12-04 03:50:40","68.000000","BUY","PatHeist"
"blacknbluedragon","Po8","2012-12-04 06:49:23","2592.000000","BUY","Pyrotek"
"GreatRevival","Po8","2012-12-04 06:49:37","503.040000","BUY","Pyrotek"
"Lygarine","Po8","2012-12-04 09:05:14","311.040000","BUY","Megleris"
"Lygarine","Po8","2012-12-04 09:05:18","311.040000","BUY","Megleris"
"Lygarine","Po8","2012-12-04 09:05:21","311.040000","BUY","Megleris"
"Lygarine","Po8","2012-12-04 09:05:24","898.560000","BUY","Megleris"
"GreatRevival","Sharkd","2012-12-04 10:12:29","250.000000","P2P_TRANSFER","--"
"GreatRevival","Megleris","2012-12-04 10:43:52","250.000000","P2P_TRANSFER","--"
"Po8","Megleris","2012-12-04 11:54:02","102.000000","SELL","Megleris"
"GreatRevival","Po8","2012-12-04 12:22:22","317.520000","BUY","Megleris"
"Howl_Kohaku","Po8","2012-12-04 14:47:02","113.790000","BUY","The_Lorax"
"Ekardsille","Po8","2012-12-04 14:56:04","18.000000","BUY","The_Lorax"
"Ekardsille","Po8","2012-12-04 16:08:53","7.680000","BUY","Megleris"
"Po8","Ulcano","2012-12-04 16:08:57","25.000000","SELL","Megleris"
"Po8","Ulcano","2012-12-04 16:09:02","185.500000","SELL","Megleris"
"Po8","ZirixZero","2012-12-04 16:31:30","267.635000","SELL","Butlerlog"
"Po8","blacknbluedragon","2012-12-04 16:31:39","489.500000","SELL","Butlerlog"
"CertifedCupcake","thurdog","2012-12-04 16:31:56","64.000000","P2P_TRANSFER","--"
"Megleris","CertifedCupcake","2012-12-04 16:40:03","1950.000000","P2P_TRANSFER","--"
"Megleris","Ulcano","2012-12-04 16:43:25","1575.000000","P2P_TRANSFER","--"
"Megleris","blacknbluedragon","2012-12-04 16:44:27","275.000000","P2P_TRANSFER","--"
"Po8","PeebleTheory","2012-12-04 17:10:34","4485.000000","SELL","SpokenSquid"
"Po8","Majink","2012-12-04 17:10:43","838.080000","SELL","SpokenSquid"
"PeebleTheory","Po8","2012-12-04 17:11:34","1110.000000","BUY","blackrosebronwen"
"Po8","PeebleTheory","2012-12-04 17:25:49","0.015000","SELL","Megleris"
"Po8","blacknbluedragon","2012-12-04 17:25:52","5.410000","SELL","Megleris"
"PeebleTheory","Po8","2012-12-04 17:44:52","62.000000","BUY","Pyrotek"
"PeebleTheory","Po8","2012-12-04 17:44:55","768.580000","BUY","Pyrotek"
"Megleris","Wolfzgang","2012-12-04 17:48:25","5475.000000","P2P_TRANSFER","--"
"Wolfzgang","Po8","2012-12-04 17:52:59","1050.000000","BUY","Megleris"
"Megleris","Evil_K9","2012-12-04 17:56:31","1600.000000","P2P_TRANSFER","--"
"PeebleTheory","Po8","2012-12-04 17:58:58","46.500000","BUY","Megleris"
"CertifedCupcake","Po8","2012-12-04 18:14:41","285.500000","BUY","myrto"
"PeebleTheory","Po8","2012-12-04 18:17:09","161.460000","BUY","myrto"
"CertifedCupcake","Megleris","2012-12-04 18:18:49","416.000000","P2P_TRANSFER","--"
"Po8","CertifedCupcake","2012-12-04 18:24:52","162.550000","SELL","myrto"
"CertifedCupcake","Megleris","2012-12-04 18:26:00","300.000000","P2P_TRANSFER","--"
"CertifedCupcake","Evil_K9","2012-12-04 18:44:57","50.000000","P2P_TRANSFER","--"
"CertifedCupcake","Po8","2012-12-04 19:01:37","174.600000","BUY","Megleris"
"Po8","dannyiscool536","2012-12-04 19:02:28","925.425000","SELL","Megleris"
"CertifedCupcake","Po8","2012-12-04 19:03:23","63.050000","BUY","Megleris"
"Ekardsille","Po8","2012-12-04 19:08:08","18.000000","BUY","Megleris"
"ChapelGentry","Po8","2012-12-04 19:16:59","158.720000","BUY","Megleris"
"Ekardsille","Po8","2012-12-04 19:24:56","6.000000","BUY","myrto"
"Po8","myrto","2012-12-04 19:29:31","172.815000","SELL","myrto"
"Ekardsille","Po8","2012-12-04 19:34:10","6.000000","BUY","myrto"
"ChapelGentry","Po8","2012-12-04 20:24:58","399.360000","BUY","myrto"
"Po8","greypo","2012-12-04 20:30:32","21.780000","SELL","Butlerlog"
"Ekardsille","Po8","2012-12-04 20:30:35","221.440000","BUY","Butlerlog"
"TheDesiree","CertifedCupcake","2012-12-04 20:45:23","120.000000","P2P_TRANSFER","--"
"CertifedCupcake","Po8","2012-12-04 21:09:50","217.280000","BUY","dotlizard"
"Po8","Mumberthrax","2012-12-04 22:29:40","131.315000","SELL","Butlerlog"
"Sharkd","Po8","2012-12-04 22:29:44","158.720000","BUY","Butlerlog"
"Ekardsille","Po8","2012-12-04 22:29:48","2.200000","BUY","Butlerlog"
"Po8","PickleMan","2012-12-04 23:48:35","92.420000","SELL","myrto"
"Po8","PickleMan","2012-12-04 23:55:17","10.965000","SELL","myrto"
"greypo","PickleMan","2012-12-04 23:59:49","1.000000","P2P_TRANSFER","--"
"greypo","PickleMan","2012-12-05 00:00:04","0.690000","P2P_TRANSFER","--"
"PickleMan","greypo","2012-12-05 00:00:12","0.000000","P2P_TRANSFER","--"
"greypo","cootoopro","2012-12-05 00:00:41","0.690000","P2P_TRANSFER","--"
"greypo","RogueHaven","2012-12-05 00:00:57","0.690000","P2P_TRANSFER","--"
"greypo","SpokenSquid","2012-12-05 00:01:10","0.690000","P2P_TRANSFER","--"
"greypo","M4D_H4TT3R","2012-12-05 00:01:25","0.690000","P2P_TRANSFER","--"
"greypo","Levantine","2012-12-05 00:01:38","0.690000","P2P_TRANSFER","--"
"greypo","myrto","2012-12-05 00:01:48","0.690000","P2P_TRANSFER","--"
"PatHeist","Ekardsille","2012-12-05 00:19:09","400.000000","P2P_TRANSFER","--"
"greypo","Ereh_Dogon","2012-12-05 01:03:49","0.690000","P2P_TRANSFER","--"
"PickleMan","greypo","2012-12-05 01:19:49","50.000000","P2P_TRANSFER","--"
"blacknbluedragon","LimeyBoy","2012-12-05 08:19:49","500.000000","P2P_TRANSFER","--"
"Po8","blacknbluedragon","2012-12-05 09:28:16","0.125000","SELL","dotlizard"
"Po8","blacknbluedragon","2012-12-05 09:28:25","671.055000","SELL","dotlizard"
"Po8","Majink","2012-12-05 09:28:35","256.000000","SELL","dotlizard"
"Po8","Lygarine","2012-12-05 10:55:39","3162.240000","SELL","dotlizard"
"Po8","Lygarine","2012-12-05 10:55:50","3162.240000","SELL","dotlizard"
"Po8","Lygarine","2012-12-05 10:56:03","3162.240000","SELL","dotlizard"
"Po8","dotlizard","2012-12-05 10:57:15","359.040000","SELL","dotlizard"
"Po8","Howl_Kohaku","2012-12-05 11:23:04","1.920000","SELL","dotlizard"
"Majink","Po8","2012-12-05 11:34:04","49.800000","BUY","The_Lorax"
"Po8","blacknbluedragon","2012-12-05 11:34:11","217.710000","SELL","The_Lorax"
"Po8","blacknbluedragon","2012-12-05 11:34:21","213.510000","SELL","The_Lorax"
"Po8","blacknbluedragon","2012-12-05 11:35:06","15.360000","SELL","The_Lorax"
"Po8","DeGX7","2012-12-05 11:35:44","69.120000","SELL","The_Lorax"
"Po8","DeGX7","2012-12-05 11:38:07","113.850000","SELL","The_Lorax"
"Po8","DeGX7","2012-12-05 11:40:32","107.970000","SELL","The_Lorax"
"Po8","DeGX7","2012-12-05 11:47:38","133.010000","SELL","The_Lorax"
"Po8","blacknbluedragon","2012-12-05 12:01:35","19.360000","SELL","The_Lorax"
"Megleris","blacknbluedragon","2012-12-05 12:20:12","750.000000","P2P_TRANSFER","--"
"PatHeist","Casper3641","2012-12-05 12:48:39","1602.130000","P2P_TRANSFER","--"
"Po8","blacknbluedragon","2012-12-05 13:03:36","554.145000","SELL","PatHeist"
"Po8","Sharkd","2012-12-05 14:59:33","28.080000","SELL","atlasrune"
"Po8","nick8041","2012-12-05 14:59:38","445.725000","SELL","atlasrune"
"nick8041","Po8","2012-12-05 14:59:44","179.120000","BUY","atlasrune"
"nick8041","Po8","2012-12-05 14:59:47","414.000000","BUY","atlasrune"
"atlasrune","Po8","2012-12-05 15:00:04","2196.930000","BUY","Megleris"
"atlasrune","Po8","2012-12-05 15:01:34","90.090000","BUY","atlasrune"
"atlasrune","Po8","2012-12-05 15:07:44","2370.000000","BUY","The_Lorax"
"nick8041","Po8","2012-12-05 15:39:21","38.400000","BUY","The_Lorax"
"PickleMan","Po8","2012-12-05 15:41:21","15.360000","BUY","The_Lorax"
"PickleMan","Po8","2012-12-05 15:41:37","15.360000","BUY","The_Lorax"
"PickleMan","Po8","2012-12-05 15:42:37","15.360000","BUY","The_Lorax"
"Po8","PickleMan","2012-12-05 15:42:47","134.830000","SELL","Megleris"
"PickleMan","Po8","2012-12-05 15:43:06","15.360000","BUY","The_Lorax"
"PickleMan","Po8","2012-12-05 15:43:24","336.640000","BUY","The_Lorax"
"PickleMan","Po8","2012-12-05 15:43:46","30.720000","BUY","Pyrotek"
"PickleMan","Po8","2012-12-05 15:44:20","7.680000","BUY","The_Lorax"
"PickleMan","Po8","2012-12-05 15:45:03","207.360000","BUY","Megleris"
"PickleMan","Po8","2012-12-05 15:45:21","120.320000","BUY","Megleris"
"PickleMan","Po8","2012-12-05 15:45:40","0.250000","BUY","The_Lorax"
"Megleris","PickleMan","2012-12-05 15:46:03","580.000000","GRANT","--"
"The_Lorax","PickleMan","2012-12-05 15:46:56","580.000000","GRANT","--"
"Megleris","PickleMan","2012-12-05 15:47:12","-580.000000","GRANT","--"
"Megleris","PickleMan","2012-12-05 15:47:33","-580.000000","GRANT","--"
"Megleris","PickleMan","2012-12-05 15:47:40","-580.000000","GRANT","--"
"Megleris","PickleMan","2012-12-05 15:47:40","-580.000000","GRANT","--"
"Megleris","PickleMan","2012-12-05 15:47:46","580.000000","GRANT","--"
"Megleris","PickleMan","2012-12-05 15:47:47","580.000000","GRANT","--"
"Megleris","PickleMan","2012-12-05 15:47:47","580.000000","GRANT","--"
"omnomnom18","CertifedCupcake","2012-12-05 16:14:06","20.000000","P2P_TRANSFER","--"
"Po8","PickleMan","2012-12-05 16:27:07","142.995000","SELL","Pyrotek"
"Po8","Sierra_G_117","2012-12-05 16:34:01","4.160000","SELL","The_Lorax"
"Casper3641","Po8","2012-12-05 16:46:36","18.960000","BUY","The_Lorax"
"Casper3641","Po8","2012-12-05 16:55:24","3.840000","BUY","The_Lorax"
"greypo","CertifedCupcake","2012-12-05 18:20:51","50.000000","P2P_TRANSFER","--"
"Po8","Evil_K9","2012-12-05 19:32:21","103.680000","SELL","Altimeter"
"Majink","Po8","2012-12-05 19:32:25","268.800000","BUY","Altimeter"
"Po8","PeebleTheory","2012-12-05 19:32:52","6.270000","SELL","Megleris"
"Po8","Casper3641","2012-12-05 19:32:56","10.400000","SELL","Megleris"
"Po8","gonnacreep467","2012-12-05 19:33:00","124.170000","SELL","Megleris"
"Po8","nick8041","2012-12-05 19:33:03","461.780000","SELL","Megleris"
"Flashplayerman","Po8","2012-12-05 19:33:07","115.200000","BUY","Megleris"
"Flashplayerman","Po8","2012-12-05 19:48:15","181.120000","BUY","SpokenSquid"
"Po8","PickleMan","2012-12-05 20:32:35","36.520000","SELL","Butlerlog"
"Po8","the_narwhal_king","2012-12-05 20:32:39","6.435000","SELL","Butlerlog"
"Po8","the_narwhal_king","2012-12-05 20:32:42","14.080000","SELL","Butlerlog"
"Megleris","PickleMan","2012-12-05 20:54:24","17500.000000","P2P_TRANSFER","--"
"Po8","PickleMan","2012-12-05 21:04:13","112.770000","SELL","dotlizard"
"PeebleTheory","Po8","2012-12-05 21:04:25","460.800000","BUY","dotlizard"
"Po8","Sharkd","2012-12-05 21:04:42","51.840000","SELL","SpokenSquid"
"Sierra_G_117","munden26","2012-12-05 21:13:08","500.000000","P2P_TRANSFER","--"
"PickleMan","woj75","2012-12-05 21:15:58","250.000000","P2P_TRANSFER","--"
"escherial","PickleMan","2012-12-05 21:43:39","0.500000","P2P_TRANSFER","--"
"escherial","PickleMan","2012-12-05 21:43:44","7.500000","P2P_TRANSFER","--"
"greypo","PickleMan","2012-12-05 21:44:19","0.690000","P2P_TRANSFER","--"
"Wolfzgang","Po8","2012-12-05 22:12:30","1020.000000","BUY","dotlizard"
"Sierra_G_117","LewisGravy","2012-12-05 22:58:30","500.000000","P2P_TRANSFER","--"
"greypo","Sierra_G_117","2012-12-05 23:10:29","600.000000","P2P_TRANSFER","--"
"Po8","greypo","2012-12-05 23:52:12","8.140000","SELL","dotlizard"
"PickleMan","Po8","2012-12-05 23:52:48","16.640000","BUY","dotlizard"
"Polarisknife","greypo","2012-12-06 00:33:08","400.000000","P2P_TRANSFER","--"
"escherial","PickleMan","2012-12-06 01:09:28","50.000000","P2P_TRANSFER","--"
"PickleMan","escherial","2012-12-06 01:09:43","50.000000","P2P_TRANSFER","--"
"PickleMan","RogueHaven","2012-12-06 01:09:51","50.000000","P2P_TRANSFER","--"
"jman0504","PickleMan","2012-12-06 18:35:51","100.000000","P2P_TRANSFER","--"
"Sierra_G_117","CertifedCupcake","2012-12-06 19:28:21","350.000000","P2P_TRANSFER","--"
"Po8","Polarisknife","2012-12-07 06:35:05","61.760000","SELL_DENIED","PatHeist | Test sale. Spawned items."
"Po8","Polarisknife","2012-12-07 07:20:12","0.210000","SELL","JudgeAnderson"
"Majink","Po8","2012-12-07 13:17:48","26.800000","BUY","The_Lorax"
"greypo","SoLikeSilly","2012-12-07 14:35:34","100.000000","P2P_TRANSFER","--"
"Flashplayerman","Po8","2012-12-07 14:45:14","32.000000","BUY","Altimeter"
"greypo","Po8","2012-12-07 14:45:18","1.930000","BUY","Altimeter"
"Po8","TheDesiree","2012-12-07 14:45:20","387.840000","SELL","Altimeter"
"SoLikeSilly","Po8","2012-12-07 14:45:23","19.200000","BUY","Altimeter"
"Po8","gonnacreep467","2012-12-07 14:45:26","167.015000","SELL","Altimeter"
"greypo","thekylander","2012-12-07 16:22:02","50.000000","P2P_TRANSFER","--"
"Po8","greypo","2012-12-07 18:05:06","49.280000","SELL","PatHeist"
"Po8","Agents9526","2012-12-07 18:05:34","34.560000","SELL","PatHeist"
"Po8","Ulcano","2012-12-07 18:05:40","8.670000","SELL","PatHeist"
"Po8","GreatRevival","2012-12-07 18:05:46","2.150000","SELL","PatHeist"
"Po8","greypo","2012-12-07 20:24:56","153.285000","SELL","Altimeter"
"Po8","Flashplayerman","2012-12-07 20:24:59","23.070000","SELL","SpokenSquid"
"Agents9526","Po8","2012-12-07 20:25:00","106.380000","BUY","Altimeter"
"Agents9526","Po8","2012-12-07 20:25:02","618.450000","BUY","Altimeter"
"PickleMan","Po8","2012-12-07 20:25:05","21.680000","BUY","Altimeter"
"greypo","Lygarine","2012-12-07 21:46:08","6.900000","P2P_TRANSFER","--"
"greypo","Ekardsille","2012-12-07 21:46:17","6.900000","P2P_TRANSFER","--"
"greypo","DavyShin","2012-12-07 21:46:23","6.900000","P2P_TRANSFER","--"
"PickleMan","PeebleTheory","2012-12-07 21:46:36","0.500000","P2P_TRANSFER","--"
"Po8","greypo","2012-12-07 23:04:21","741.120000","SELL","dotlizard"
"Po8","DavyShin","2012-12-07 23:04:29","4.270000","SELL","dotlizard"
"Po8","DavyShin","2012-12-07 23:04:43","14.120000","SELL","dotlizard"
"Po8","GreatRevival","2012-12-08 01:18:51","100.145000","SELL","dotlizard"
"GreatRevival","Po8","2012-12-08 01:19:00","27.000000","BUY","dotlizard"
"Po8","greypo","2012-12-08 02:59:49","28.160000","SELL","PatHeist"
"Po8","greypo","2012-12-08 02:59:54","356.040000","SELL","PatHeist"
"GreatRevival","Lugia101101","2012-12-08 06:46:04","5000.000000","P2P_TRANSFER","--"
"Lugia101101","GreatRevival","2012-12-08 06:46:47","0.690000","P2P_TRANSFER","--"
"Po8","greypo","2012-12-08 08:08:13","71.415000","SELL","The_Lorax"
"Po8","GreatRevival","2012-12-08 08:08:21","43.725000","SELL","The_Lorax"
"Howl_Kohaku","Po8","2012-12-08 08:19:00","287.000000","BUY","The_Lorax"
"Po8","Howl_Kohaku","2012-12-08 08:19:06","3.520000","SELL","The_Lorax"
"the_narwhal_king","Po8","2012-12-08 08:36:30","46.000000","BUY","The_Lorax"
"Po8","the_narwhal_king","2012-12-08 08:37:12","24.120000","SELL","The_Lorax"
"Po8","gonnacreep467","2012-12-08 09:22:53","145.695000","SELL","Altimeter"
"Po8","gonnacreep467","2012-12-08 09:22:56","149.350000","SELL","Altimeter"
"the_narwhal_king","Po8","2012-12-08 09:23:00","586.390000","BUY","Altimeter"
"Po8","the_narwhal_king","2012-12-08 09:23:03","0.125000","SELL","Altimeter"
"Po8","the_narwhal_king","2012-12-08 09:23:06","0.720000","SELL","Altimeter"
"the_narwhal_king","Po8","2012-12-08 09:23:09","84.800000","BUY","Altimeter"
"Po8","Ulcano","2012-12-08 11:57:25","115.000000","SELL","Pyrotek"
"Po8","GreatRevival","2012-12-08 12:39:07","540.860000","SELL","Pyrotek"
"Po8","GreatRevival","2012-12-08 12:39:11","488.325000","SELL","Pyrotek"
"SoLikeSilly","Po8","2012-12-08 12:39:14","15.360000","BUY","Pyrotek"
"SoLikeSilly","Po8","2012-12-08 12:48:44","30.720000","BUY","Pyrotek"
"Po8","GreatRevival","2012-12-08 12:50:57","735.340000","SELL","Pyrotek"
"greypo","bones9302","2012-12-08 14:10:53","400.000000","P2P_TRANSFER","--"
"PickleMan","Po8","2012-12-08 14:50:53","3284.480000","BUY_DENIED","Ereh_Dogon | requested"
"greypo","GladiatorUSMC","2012-12-08 14:50:58","6.900000","P2P_TRANSFER","--"
"Po8","GreatRevival","2012-12-08 15:09:51","1299.755000","SELL","Pyrotek"
"Po8","GreatRevival","2012-12-08 15:09:55","178.605000","SELL","Pyrotek"
"Po8","GreatRevival","2012-12-08 15:10:00","33.700000","SELL","Pyrotek"
"Po8","GladiatorUSMC","2012-12-08 15:10:04","184.565000","SELL","Pyrotek"
"Po8","GladiatorUSMC","2012-12-08 15:10:07","184.565000","SELL","The_Lorax"
"Po8","GladiatorUSMC","2012-12-08 15:10:08","935.580000","SELL","Pyrotek"
"Po8","greypo","2012-12-08 15:10:12","869.750000","SELL","Pyrotek"
"Po8","DeGX7","2012-12-08 15:10:13","68.910000","SELL","The_Lorax"
"Po8","DeGX7","2012-12-08 15:10:16","16.110000","SELL","Pyrotek"
"Ulcano","Po8","2012-12-08 15:10:19","57.700000","BUY","The_Lorax"
"Po8","GreatRevival","2012-12-08 15:23:55","584.770000","SELL","The_Lorax"
"GreatRevival","Po8","2012-12-08 15:24:13","45.000000","BUY","The_Lorax"
"GreatRevival","Po8","2012-12-08 15:25:20","45.000000","BUY","The_Lorax"
"Po8","Flashplayerman","2012-12-08 15:26:36","35.565000","SELL","The_Lorax"
"Flashplayerman","Po8","2012-12-08 16:56:33","19.840000","BUY","Pyrotek"
"Po8","Stagen","2012-12-08 16:56:35","189.440000","SELL","Pyrotek"
"Po8","Stagen","2012-12-08 16:56:38","404.480000","SELL","Pyrotek"
"Po8","GreatRevival","2012-12-08 17:02:27","506.180000","SELL","Pyrotek"
"greypo","VerifedCupcake","2012-12-08 17:18:17","150.000000","P2P_TRANSFER","--"
"greypo","BFloop","2012-12-08 18:37:47","0.069000","P2P_TRANSFER","--"
"Po8","the_narwhal_king","2012-12-08 18:55:26","4.950000","SELL","The_Lorax"
"Po8","PickleMan","2012-12-08 18:55:31","109.225000","SELL","The_Lorax"
"Flashplayerman","Po8","2012-12-08 18:55:36","174.080000","BUY","The_Lorax"
"Flashplayerman","Po8","2012-12-08 21:21:28","78.000000","BUY","Pyrotek"
"woj75","Po8","2012-12-08 21:21:31","2610.000000","BUY","Pyrotek"
"RogueHaven","Po8","2012-12-08 21:21:33","7.380000","BUY","Pyrotek"
"Po8","Sierra_G_117","2012-12-08 21:27:16","66.880000","SELL","Pyrotek"
"greypo","DeGX7","2012-12-08 22:47:33","0.000000","P2P_TRANSFER","--"
"DeGX7","greypo","2012-12-08 22:47:42","128.000000","P2P_TRANSFER","--"
"greypo","PatHeist","2012-12-08 23:30:27","293.560000","P2P_TRANSFER","--"
"PatHeist","greypo","2012-12-08 23:32:52","293.560000","GRANT","--"
"PatHeist","PatHeist","2012-12-08 23:33:59","-293.560000","GRANT","--"
"PickleMan","Po8","2012-12-08 23:34:57","0.550000","BUY","PatHeist"
"Po8","PickleMan","2012-12-08 23:35:38","184.420000","SELL","PatHeist"
"Po8","greypo","2012-12-09 00:14:08","462.400000","SELL","Altimeter"
"PeebleTheory","Po8","2012-12-09 00:15:22","0.060000","BUY","Altimeter"
"PeebleTheory","Po8","2012-12-09 00:16:31","565.000000","BUY","Altimeter"
"DeGX7","Po8","2012-12-09 00:16:47","336.000000","BUY","Altimeter"
"Po8","PeebleTheory","2012-12-09 00:17:04","10.680000","SELL","Altimeter"
"PeebleTheory","Po8","2012-12-09 00:59:51","690.000000","BUY","Pyrotek"
"Po8","greypo","2012-12-09 00:59:53","11.950000","SELL","Pyrotek"
"Po8","GreatRevival","2012-12-09 10:15:28","455.810000","SELL","dotlizard"
"Po8","GreatRevival","2012-12-09 10:15:37","629.885000","SELL","dotlizard"
"Po8","GreatRevival","2012-12-09 11:16:29","254.920000","SELL","Altimeter"
"PickleMan","Flashplayerman","2012-12-09 14:13:55","18.000000","P2P_TRANSFER","--"
"Po8","GreatRevival","2012-12-09 14:50:07","1288.185000","SELL","Pyrotek"
"VerifedCupcake","Po8","2012-12-09 14:50:10","74.240000","BUY","Pyrotek"
"Po8","GreatRevival","2012-12-09 14:50:14","530.275000","SELL","Pyrotek"
"Po8","PeebleTheory","2012-12-09 14:50:17","24.960000","SELL","Pyrotek"
"PeebleTheory","Po8","2012-12-09 14:50:22","226.000000","BUY","Pyrotek"
"Po8","Stagen","2012-12-09 14:50:25","307.200000","SELL","Pyrotek"
"PickleMan","Po8","2012-12-09 14:50:29","2039.040000","BUY","Pyrotek"
"PickleMan","Po8","2012-12-09 14:50:32","1446.120000","BUY","Pyrotek"
"PickleMan","Po8","2012-12-09 14:50:36","806.400000","BUY","Pyrotek"
"PeebleTheory","greypo","2012-12-09 14:56:31","384.000000","P2P_TRANSFER","--"
"PeebleTheory","Ulcano","2012-12-09 14:58:50","300.000000","P2P_TRANSFER","--"
"PeebleTheory","DeGX7","2012-12-09 15:03:36","1.000000","P2P_TRANSFER","--"